date,AVB_adj_close,AVB_adj_close_1week,AVB_pred,AVB_returns,AVB_pred_returns,EQR_adj_close,EQR_adj_close_1week,EQR_pred,EQR_returns,EQR_pred_returns,ESS_adj_close,ESS_adj_close_1week,ESS_pred,ESS_returns,ESS_pred_returns,INVH_adj_close,INVH_adj_close_1week,INVH_pred,INVH_returns,INVH_pred_returns,SPY_adj_close,SPY_return_1week
2023-03-17,151.806827822552,148.253922063347,170.46000180874805,-0.02340412358367716,0.12287440725656862,53.483743547668,52.6222261433529,61.41273037730522,-0.01610802361931274,0.14825040851096039,193.452473526414,187.458145228525,231.93471157357519,-0.030986051450360597,0.19892347379009778,28.853435243738,27.859794476079,29.989807,-0.03443752049852189,0.03938428390133808,381.979385310959,0.0147696094771666
2023-03-24,148.253922063347,159.559786628231,174.8724645156768,0.07626013806267551,0.17954696969808337,52.6222261433529,56.3910264083082,61.98671118630388,0.07161993213073847,0.1779568393294566,187.458145228525,197.482413002304,238.72091544234303,0.05347469837364871,0.273462484926035,27.859794476079,29.5537154038025,31.188221,0.06080163043478071,0.11947060501692008,387.62107166033,0.0344662034112431
2023-03-31,159.559786628231,160.091462699348,174.28443729926622,0.0033321432821653563,0.09228296792188107,56.3910264083082,56.485011452322,62.43504006063085,0.001666666666665817,0.10718041570231418,197.482413002304,199.021555840564,241.00329494099563,0.007793822319975607,0.22037852017832016,29.5537154038025,29.9417084654599,31.064089,0.013128402177395193,0.051106041895981225,400.980898362659,0.0005373848897139
2023-04-14,161.268745428248,164.563238226058,176.18570093026167,0.02042858824914573,0.09249749827470799,56.4286204259137,57.6128319804882,62.3485217352439,0.020986009327115918,0.10490955236275101,196.349301710333,200.579583867024,236.79164038452964,0.021544676348947744,0.2059713903839584,30.4716502082114,31.5031439574955,31.720392,0.03385093167701614,0.04098045266432426,403.987838830119,-0.0006303641565237
2023-04-21,164.563238226058,171.247165977235,177.29740049463126,0.04061616569549642,0.07738157322281514,57.6128319804882,59.4455403387582,62.72646765782947,0.03181076672104366,0.08875862375717114,200.579583867024,207.482120153946,238.72091544234303,0.03441295546558765,0.19015560228006634,31.5031439574955,31.5788499207457,31.523695,0.0024031240612791827,0.0006523486861393923,403.733179376849,0.0090490053372127
2023-04-28,171.247165977235,170.658524612784,176.37939863272297,-0.0034373787215215,0.029969737754201642,59.4455403387582,59.5677208959762,63.10568158205603,0.002055335968379479,0.06157133440860374,207.482120153946,207.737070194639,239.6829994481276,0.0012287807764053138,0.1551983335734637,31.5788499207457,32.544100952186,32.251686,0.030566376985318167,0.02130654463776671,407.38656307184,-0.0079340273603722
2023-05-05,170.658524612784,171.066775881677,179.5076585497592,0.0023922114047294496,0.051852867924725654,59.5677208959762,59.0226076406959,62.72646765782947,-0.009151151782896605,0.0530278263855255,207.737070194639,203.317936155953,239.6829994481276,-0.021272727272727443,0.15378059016408052,32.544100952186,32.4302529683908,32.0463,-0.003498267903066732,-0.015296227485419922,404.15434693418,-0.0025204178077215
2023-05-12,171.066775881677,167.326054952752,180.0394798065337,-0.0218670218670185,0.052451470360690866,59.0226076406959,57.7538095465089,61.71309953694188,-0.021496815286625393,0.0455840906356515,203.317936155953,198.086739024688,239.6829994481276,-0.025729147315623258,0.17885811738852753,32.4302529683908,31.9725487218507,32.220356,-0.01411349603058043,-0.006472258512647433,403.135709121099,0.0170801039869767
2023-05-19,167.326054952752,163.044163737154,180.0394798065337,-0.025590104403089398,0.07597994739893688,57.7538095465089,56.0526802498583,62.01921046514663,-0.02945484133441767,0.07385488424279307,198.086739024688,198.653294670674,240.15700071231032,0.002860139193443967,0.212383029246491,31.9725487218507,31.8390516499432,32.468212,-0.004175365344467052,0.015502780530477489,410.021308953751,0.0033443218193122
2023-05-26,163.044163737154,172.329506550579,180.0394798065337,0.05694986315728556,0.10423750031787771,56.0526802498583,59.5959164091803,62.52468442770212,0.06321260898725645,0.11546288507515534,198.653294670674,212.666104314712,240.15700071231032,0.07053902462211026,0.20892533451529638,31.8390516499432,32.8688862046583,33.029648,0.032345013477087514,0.03739420979919039,411.392552163668,0.0168563401742776
2023-06-02,172.035185868354,178.78557312842,180.23272252950778,0.039238410596025286,0.047650349082813515,59.295164268336,62.1993021283639,62.762133060667054,0.04897765097479834,0.058469671770222886,215.810488149931,221.239979757291,240.15700071231032,0.025158608619558542,0.11281431579666767,32.8879572149308,32.6972471122058,33.114418,-0.005798782255725499,0.006885827945298573,419.13028170534,0.0046270330902967
2023-06-09,178.78557312842,182.716178368458,182.24813936330014,0.021985024693321753,0.019367145649906714,62.1993021283639,62.7068213660387,63.90115873982852,0.008159564823210008,0.027361345758388333,221.239979757291,223.713939411427,242.96420294734463,0.011182244985061152,0.0981930264768871,32.6972471122058,32.8021376687046,33.95048,0.0032079323417917305,0.03832843475441372,421.069611387936,0.0260487718073977
2023-06-16,182.716178368458,176.611397766176,182.33711824124694,-0.033411275656014205,-0.002074584366835164,62.7068213660387,61.2263783271228,63.90115873982852,-0.023608963214290624,0.019046370837681348,223.713939411427,215.84825852633,242.96420294734463,-0.03515954752659112,0.08604856535343086,32.8021376687046,32.0392972578045,34.014942,-0.023255813953488302,0.03697333730910923,432.03795761001,-0.0182496700496075
2023-06-23,172.1965875328,181.273810415922,183.48186656897244,0.052714301794122065,0.06553718164724254,59.2317243636267,62.6606295103985,65.85682527397526,0.0578896728672218,0.11185054937243954,207.755955382839,223.432730232424,253.6342158659627,0.07545764366030738,0.22082765521008652,31.2192438160868,32.8021376687046,33.92214,0.05070250458155434,0.08657783045442535,425.893513894853,0.0232450774451196
2023-06-30,181.273810415922,184.185377931453,182.99298079893666,0.01606171078354124,0.009483832104980605,62.6606295103985,63.5059828568326,63.875039631454825,0.013490980748825931,0.01938075200560818,223.432730232424,223.423194051023,242.96420294734463,-4.2680324369159806e-05,0.08741545025477326,32.8021376687046,33.1358803484734,34.135086,0.01017441860465107,0.04063602208881134,435.793441608713,-0.0081663959574073
2023-07-07,182.997764865907,189.54879177585,183.62518217145828,0.03579839849269928,0.0034285517422085743,63.2020355862046,65.0732109710081,64.9008549632008,0.02960625187856958,0.02687918769133768,222.431431185288,234.056036313471,242.96420294734463,0.05226152197213341,0.09231056803726889,33.1263448433371,33.7556881823297,34.534027,0.018998272884283463,0.04249434288417753,431.143326605083,0.0244669935013105
2023-07-14,189.54879177585,189.031605440855,183.51616935396828,-0.00272851296043386,-0.03182622461142126,65.0732109710081,65.5956203423999,65.62756289082562,0.008028025105823566,0.008518896048705704,234.056036313471,233.769950871432,245.08707180276443,-0.0012222946544981905,0.04712989104250043,33.7556881823297,34.4613155624123,34.52574,0.02090395480226004,0.022812552084831905,441.692107575263,0.0064547720797732
2023-07-21,189.031605440855,178.266467653171,183.48186656897244,-0.056948877742310944,-0.029358788224538412,65.5956203423999,61.5588206543721,64.9008549632008,-0.06154068925571976,-0.010591642789145372,233.769950871432,226.303120834215,245.08707180276443,-0.031940931712491905,0.04841135864188373,34.4613155624123,33.8224367182835,34.862976,-0.018539014941891585,0.011655402739312315,444.543129459096,0.010482551196425
2023-07-28,178.266467653171,177.040544488737,183.48186656897244,-0.0068769139848504635,0.02925619711020655,61.5588206543721,62.1192234345925,65.7671431792885,0.009103533405339759,0.06836262423779083,226.303120834215,232.606536740473,240.15700071231032,0.02785386203699658,0.06121824492311956,33.8224367182835,33.1454158536096,34.350258,-0.020016915703412907,0.015605651350552474,449.20307557267,-0.0221264116256681
2023-08-04,177.040544488737,179.367882996217,183.3829514276045,0.013145793886936818,0.035824601405193945,62.1192234345925,63.0880553597191,65.58726382910132,0.01559633027522822,0.05582877896341443,232.606536740473,234.141861946083,242.96420294734463,0.006600524762221172,0.044528697911993875,33.1454158536096,33.3344934822231,34.346573,0.005704488048923206,0.036239008967997366,439.263823419033,-0.002596181822251
2023-08-11,179.367882996217,171.734595792672,180.38945883345403,-0.04255659974370096,0.005695422280579621,63.0880553597191,60.6469788424882,63.45306979952685,-0.03869316470942441,0.005785793169982734,234.141861946083,225.349502694085,236.79164038452964,-0.03755141937849049,0.011316978589060778,33.3344934822231,32.1432896805529,34.052097,-0.0357348703170024,0.021527365901516715,438.1234146655,-0.0205318074722299
2023-08-18,171.734595792672,173.78418608321,180.38945883345403,0.011934638335844516,0.05039673573535919,60.6469788424882,61.093401396223,63.56288357025734,0.007361002349255408,0.0480799667752998,225.349502694085,226.236367564406,239.6829994481276,0.003935508442301394,0.06360562851341411,32.1432896805529,32.4218776664274,34.033966,0.008667065152421216,0.0588202515265297,429.127949066512,0.007949599083618
2023-08-25,173.78418608321,173.688410835988,178.1258833815402,-0.0005511160099235246,0.024983270320415363,61.093401396223,60.7894541255951,63.45306979952685,-0.004975124378108209,0.03862394873056996,226.236367564406,226.503380643642,238.72091544234303,0.0011802394199951216,0.05518364714012147,32.4218776664274,32.8349564041034,34.02157,0.01274074074074183,0.049339851577100635,432.539344217166,0.0255017387549163
2023-09-01,173.688410835988,171.945301336559,178.1258833815402,-0.010035842293905306,0.025548466499255573,60.7894541255951,59.4406881121834,63.37260472318632,-0.022187500000000915,0.04249340012585501,226.503380643642,213.677216658896,236.79164038452964,-0.05662681037386119,0.04542210236179289,32.8349564041034,32.7292850991165,33.741768,-0.0032182562902289824,0.027617258510629794,443.569849574615,-0.0060728296283172
2023-09-08,171.705863218506,176.121102115412,177.29740049463126,0.025713966979026948,0.032564626340159775,59.5071765776333,59.9915925401966,63.37260472318632,0.008140462889065558,0.06495734410302867,214.840630789854,214.773877520045,236.79164038452964,-0.00031071063961962686,0.10217345533744493,32.5467619359573,33.9012759362436,33.86039,0.04161747343565536,0.040361243189113605,437.995610236225,-0.0012722908062491
2023-09-15,176.121102115412,170.135149164075,176.37939863272297,-0.03398771004404921,0.0014665847204482496,59.9915925401966,57.113591821438,63.14608883221089,-0.047973400886636486,0.05258230626067584,214.773877520045,205.638215737601,236.79164038452964,-0.04253618683953486,0.10251601879483552,33.9012759362436,31.3939840633733,33.44207,-0.07395862850665669,-0.01354538778372194,437.438352448144,-0.0292081106073926
2023-09-22,170.135149164075,166.068852778455,175.83070387763973,-0.023900389811270073,0.03347664924942739,57.113591821438,56.3878308181076,62.72646765782947,-0.012707325527686053,0.09827565833960783,205.638215737601,204.469735552694,238.72091544234303,-0.005682213204952102,0.16087816939122002,31.3939840633733,30.4429423184914,33.320156,-0.03029375764993969,0.06135481339834259,424.661604665923,-0.0068305376144233
2023-09-29,166.068852778455,166.320267135753,166.98396901373548,0.001513916385232017,0.005510462798832494,56.3878308181076,56.9544944219686,61.963652214604345,0.010049395332991429,0.0988834171415971,204.469735552694,208.171766692882,238.72091544234303,0.018105521240985523,0.16751222276033184,30.4429423184914,30.7119238220943,32.740406,0.008835594824864179,0.07546786029581787,421.760937601851,0.004818938897726
2023-10-06,166.320267135753,170.594311209823,168.05444805003168,0.025697674418605043,0.010426756426883399,56.9544944219686,57.5211580258297,62.81516163429349,0.009949409780776186,0.10290087326390696,208.171766692882,211.574935944148,238.72091544234303,0.016347890520075792,0.14674972132282726,30.7119238220943,31.2594933115718,32.93553,0.017829214888960276,0.07240210046747264,423.793377789602,0.0045630209060865
2023-10-13,170.594311209823,164.009189005204,166.98396901373548,-0.038601065638816046,-0.021163321159326176,57.5211580258297,55.2064812710752,62.81516163429349,-0.04024044080814759,0.09203576197277763,211.574935944148,204.064825896736,238.72091544234303,-0.03549621798961344,0.12830432573242545,31.2594933115718,29.9626182049147,32.782154,-0.04148740012292562,0.048710347173685165,425.727155832317,-0.0238933951332565
2023-10-20,164.009189005204,157.221001358152,166.7782138758768,-0.041389069040739024,0.01688335200892266,55.2064812710752,52.0850292159083,61.98671118630388,-0.05654140570633226,0.12281583174874622,204.064825896736,199.157706494769,238.72091544234303,-0.024046865403693718,0.16982882470467597,29.9626182049147,27.6666689420181,31.72547,-0.07662712407822903,0.058835024771952016,415.555088679058,-0.0249531090481735
2023-10-27,157.221001358152,165.662721893589,166.7782138758768,0.053693339073745294,0.06078839617586018,52.0850292159083,53.516094927354,62.166209750317435,0.027475567029318526,0.19355236401269105,199.157706494769,209.453980603415,238.72091544234303,0.05169909962242136,0.19865266398121117,27.6666689420181,30.7119238220943,31.82475,0.110069444444441,0.15029210661264192,405.185697235726,0.0584640109087376
2023-11-03,165.662721893589,162.64574960601,165.88607378802163,-0.018211533971516536,0.0013482326734681749,53.516094927354,52.3827677196319,61.963652214604345,-0.02117731514716359,0.15785077926028745,209.453980603415,203.081473875124,238.72091544234303,-0.030424376323297753,0.13972966641461304,30.7119238220943,30.6828680758104,32.80989,-0.000946073793755442,0.06831115292968803,428.87447825898,0.0136189008258751
2023-11-10,162.64574960601,163.458011375743,166.98396901373548,0.004994054696791039,0.026672811421351472,52.3827677196319,53.2375653593545,61.963652214604345,0.01631829849651556,0.18290145618597653,203.081473875124,203.438180000611,239.6829994481276,0.001756468075006845,0.18023074618569135,30.6828680758104,32.4746390966516,32.95533,0.05839646464646453,0.07406288791498872,434.715277245138,0.0231043326297622
2023-11-17,163.458011375743,166.204229740077,165.90586661217924,0.016800757217223294,0.014975437519604506,53.2375653593545,54.2748478884561,61.226818836603435,0.019484033916651322,0.1500679721794438,203.438180000611,204.556501907542,239.6829994481276,0.005497109278738366,0.17816134339880407,32.4746390966516,32.3390456139934,32.837982,-0.004175365344466053,0.01118851790781683,444.759083609849,0.0081856296723546
2023-11-24,167.645027403055,172.06411822172,168.05444805003168,0.026359808502047333,0.0024421878377123285,54.5821908600418,56.2245548644527,61.814711838180855,0.0300897413338026,0.13250697460430816,207.005241255479,212.731820675456,238.72091544234303,0.0276639344262275,0.15321193799011867,32.3099898677095,32.9589015347168,32.69524,0.020083932853715458,0.011923561555414519,449.208746350994,0.0083461453986373
2023-12-01,172.06411822172,169.946435750632,166.67771239589558,-0.012307519388552568,-0.03130464318472004,56.2245548644527,56.4934799645902,61.95398801699936,0.004783054321831903,0.10190268587024476,212.731820675456,217.986005496816,235.30102767344562,0.02469863137859285,0.10609229463805159,32.9589015347168,32.038802902393,32.93145,-0.02791654422568135,-0.0008329053245651474,452.957907862379,0.002395992158571
2023-12-08,169.946435750632,181.685552279864,165.73143927977492,0.06907539118064943,-0.024801911568430146,56.4934799645902,58.8849924622411,61.814711838180855,0.04233253995239594,0.09419196475285241,217.986005496816,236.14909577836,236.79164038452964,0.08332227676794268,0.08626991831357866,32.038802902393,33.1332360124203,32.974583,0.034159613059249194,0.029207700817568405,454.04319145778,0.0239810365058661
2023-12-15,181.685552279864,181.105365301484,165.13514879001804,-0.003193357815740261,-0.09109366860581258,58.8849924622411,58.7217165085862,62.01921046514663,-0.0027727939977167937,0.05322609160416025,236.14909577836,235.589934824894,235.30102767344562,-0.002367830169423213,-0.0035912401109100545,33.1332360124203,33.1526065099429,33.094505,0.0005846243788363292,-0.0011689381123891618,464.931617807369,0.0092046108282038
2023-12-22,181.105365301484,183.539786715952,165.40732186131254,0.013442017084449365,-0.08667906339516285,58.7217165085862,60.3383635138431,62.37705834704096,0.027530649670646445,0.062248552252730516,235.589934824894,243.136661591415,238.72091544234303,0.032033315736218704,0.013289959181729039,33.1526065099429,33.8041280252604,32.68792,0.019652195827260188,-0.014016602076350027,469.211132411013,-0.0021112635912595
2023-12-29,182.613162932245,179.999108468735,166.626020747713,-0.014314709966881667,-0.0875464940633206,59.3772214401713,59.9306062704672,62.72646765782947,0.00931981687377359,0.0564062469819826,241.258670008306,241.638160535463,236.79164038452964,0.0015729612002914894,-0.01851551956090358,33.3061469365001,33.4233189573848,32.936428,0.0035180299032517848,-0.011100619568412684,470.855575522598,-0.0014937619658753
2024-01-05,178.175122705017,178.048321555667,165.40732186131254,-0.0007116658455171843,-0.07165871783819433,58.9306301736167,60.3480720196378,61.226818836603435,0.024052718286655672,0.03896426452970014,237.016160525221,242.367950010765,236.79164038452964,0.022579850562445047,-0.0009472777729325754,33.0620385596568,33.0034525492144,33.017567,-0.0017720023626699444,-0.001345103952629878,463.534831790903,0.0187211489143442
2024-01-12,178.048321555667,176.760802193043,166.95748486780562,-0.007231291771663595,-0.06229116113511812,60.3480720196378,58.5422899418301,62.249115314412656,-0.02992277992278003,0.03150130950589847,242.367950010765,235.692808943341,236.79164038452964,-0.027541352176009726,-0.023007619720295747,33.0034525492144,33.3744972820162,33.03106,0.011242603550295271,0.0008364796344004777,472.212736403846,0.0142023999328692
2024-01-19,175.990241362381,173.132338534737,166.626020747713,-0.016238984647786836,-0.05320874920210017,58.7947110924914,57.4355202812383,62.35100591329916,-0.023117569352708034,0.06048664505236312,234.359726835124,230.03937314134,236.79164038452964,-0.018434710400663024,0.010376840689511946,32.8862805283296,32.4664141201591,32.972126,-0.012767220902613396,0.0026103736078189055,477.908849591565,0.0103227411230638
2024-01-26,173.132338534737,170.752378500795,165.88607378802163,-0.013746478873237655,-0.04185390671692146,57.4355202812383,58.4160793664995,62.534525841613615,0.01707234617985187,0.08877791191596374,230.03937314134,229.659882614183,236.79164038452964,-0.0016496764096285421,0.029352658855668734,32.4664141201591,32.2418344134633,33.228447,-0.006917293233081545,0.02347141995632196,482.84217892632,0.0142385260868688
2024-02-02,170.752378500795,170.332959314485,165.29367650917632,-0.0024563006969068324,-0.03196852681963236,58.4160793664995,57.1442651073983,61.963652214604345,-0.02177164700016765,0.06072938969162167,229.659882614183,223.60749523235,236.79164038452964,-0.026353698839081563,0.03105356359659739,32.2418344134633,32.2906560888319,33.110893,0.0015142337976965514,0.026954385563295435,489.717139886803,0.0138565793466152
2024-02-09,170.332959314485,172.761689021254,165.29367650917632,0.014258718433258988,-0.02958489552221466,57.1442651073983,58.2801602853741,61.58763095111183,0.019877675840978437,0.07775698638109296,223.60749523235,229.027398402255,238.72091544234303,0.024238468233245936,0.06758905909790136,32.2906560888319,31.9293756911038,33.02558,-0.011188388267312277,0.022759688406751355,496.502944293042,-0.0033719074221861
2024-02-16,172.761689021254,169.347811923386,164.46087138790614,-0.019760614272809174,-0.048047791616153135,58.2801602853741,57.1054310842197,62.166209750317435,-0.020156588372479245,0.06667877105888076,229.027398402255,219.705554171072,238.72091544234303,-0.040701873645748066,0.04232470485065165,31.9293756911038,32.5250001306015,33.139282,0.01865443425076596,0.03789320991314615,494.828782330043,0.0129727132589943
2024-02-23,171.084012276016,173.756590346919,166.95748486780562,0.01562143671608096,-0.02411988913115337,58.4452048838834,58.9694641967954,61.814711838180855,0.008970099667775733,0.05765241068094218,223.159891020832,228.05434576852,238.72091544234303,0.021932501962151907,0.0697303818814754,32.4957071253803,33.7260133446705,33.165394,0.03786057692307576,0.020608466877840348,503.090623023188,0.0098454267992502
2024-03-01,173.756590346919,182.349806698981,166.7782138758768,0.04945548445043113,-0.04016179447990631,58.9694641967954,61.5616352439709,62.81516163429349,0.043957853144549475,0.06521506494724227,228.05434576852,238.826038423968,236.79164038452964,0.04723300763749316,0.038312335538118525,33.7260133446705,34.292344778947,33.174694,0.016792125072381037,-0.016347004247340813,508.043764925552,-0.002203373306034
2024-03-08,182.349806698981,179.29682518003,165.40732186131254,-0.016742444503880405,-0.09291199779354165,61.5616352439709,61.1927120237737,61.81689486033647,-0.005992745623717433,0.004146407342072278,238.826038423968,232.627693147075,236.79164038452964,-0.025953389830507434,-0.008518325944957716,34.292344778947,34.1361154177673,33.17014,-0.004555808656035998,-0.03272466416154218,506.924354855618,-0.0005766102556095
2024-03-15,179.29682518003,178.662819433283,166.98396901373548,-0.0035360678925039357,-0.06867302950808707,61.1927120237737,61.0131046665723,62.72646765782947,-0.0029351102649547434,0.02506435134726326,232.627693147075,235.469006837582,236.79164038452964,0.012213995900782981,0.01789961969326681,34.1361154177673,33.7748350200392,33.51515,-0.010583524027460434,-0.018190917370823567,506.63205707379,0.0223211658788222
2024-03-22,178.662819433283,178.49511643453,166.95748486780562,-0.0009386563991600205,-0.06551634303436282,61.0131046665723,60.306502843186,63.37273647545094,-0.011581148463887803,0.03867418027280656,235.469006837582,235.578320782086,235.76236083543566,0.00046423920486238224,0.0012458284926475383,33.7748350200392,34.518256240226,33.264866,0.02201109849228633,-0.015099086183322119,517.940675259263,0.0018226818364969
2024-04-05,178.258855525947,180.916790747507,168.07869434764703,0.014910536779324968,-0.057108866475461983,60.6401759264517,60.5420367843147,62.72646765782947,-0.0016183848519176758,0.034404447208533195,233.622294335904,235.204808194373,236.79164038452964,0.006773813530799533,0.013566111306435147,34.2229760328673,33.3863487786845,33.17797,-0.02444636180615367,-0.030535192077779105,515.178112996028,-0.0146210674536575
2024-04-12,180.916790747507,181.261337905857,166.626020747713,0.001904450973988725,-0.07899084402695733,60.5420367843147,60.3948280711092,62.72646765782947,-0.002431512400713265,0.036081225369026804,235.204808194373,231.155145401273,232.87381413189226,-0.017217602072800098,-0.009910486441052635,33.3863487786845,33.0418552034327,32.703133,-0.010318396226416282,-0.020463937336153593,507.645659055265,-0.0307135166878727
2024-04-19,181.261337905857,188.467295617642,166.98396901373548,0.03975452126215462,-0.07876676326606868,60.3948280711092,63.9278371880412,61.95398801699936,0.05849853753656209,0.02581611697038677,231.155145401273,242.704547784506,232.87381413189226,0.04996385593400432,0.007435130754436692,33.0418552034327,34.1737626649742,32.932026,0.0342567768841231,-0.0033239445343693497,492.054075634345,0.0264560949995946
2024-04-26,188.467295617642,189.806107432946,168.21981353791475,0.007103682423608149,-0.10743233733668511,63.9278371880412,64.6835085824961,63.14608883221089,0.011820693890083112,-0.01222860635079559,242.704547784506,246.036673238052,232.87381413189226,0.013729143042282566,-0.04050494208844535,34.1737626649742,33.8489544368797,33.08369,-0.009504608294930383,-0.031897922167666404,505.071905004265,0.0059615157596513
2024-05-03,189.806107432946,193.822542878859,168.21981353791475,0.021160728178000854,-0.11372813123338077,64.6835085824961,65.5569469475154,62.81516163429349,0.013503262023972118,-0.028884440395186006,246.036673238052,254.529169969212,233.63787496640452,0.034517198673643,-0.05039410632760044,33.8489544368797,34.2328187064459,33.35306,0.011340505961033864,-0.014650164801368826,508.082899125705,0.0186782452228688
2024-05-10,193.822542878859,195.791383783718,170.46000180874805,0.010157956219208009,-0.12053572676895885,65.5569469475154,65.8808061165675,62.81516163429349,0.004940119760479034,-0.04182295608453168,254.529169969212,261.743860479249,239.6829994481276,0.028345240393899518,-0.05832797287195102,34.2328187064459,34.8922778362136,33.560074,0.019263944795861354,-0.019652043837691924,517.572996109121,0.016530988403348
2024-05-17,195.791383783718,192.296691177593,168.07869434764703,-0.017849062295741458,-0.14154192539281474,65.8808061165675,64.4774163840084,62.81516163429349,-0.02130195143750957,-0.04653319628253716,261.743860479249,254.971487507294,239.6829994481276,-0.025874047091514973,-0.08428415853089477,34.8922778362136,33.9375384990873,33.1502,-0.027362482369534646,-0.0499273207170452,526.128989305687,-1.8887524789464977e-05
2024-05-24,192.296691177593,191.430401179455,168.07869434764703,-0.004504965700829144,-0.12594078806888975,64.4774163840084,64.2026267860248,62.94433872935498,-0.004261796042618005,-0.023776970924561436,254.971487507294,256.180488778049,238.72091544234303,0.004741711642249458,-0.06373486001836226,33.9375384990873,34.154077317817,33.16655,0.006380510440835874,-0.022717876739671294,526.119052031359,-0.0030976125717756
2024-05-31,189.67813277413,194.137557423636,168.21981353791475,0.023510483703550022,-0.1131301691047748,63.8198841316905,63.8591397885453,63.10568158205603,0.0006151007227432892,-0.01119090953159263,255.354829373631,263.493472074326,238.72091544234303,0.03187189653181255,-0.06514039296648466,34.2426613800246,34.4592001987542,33.254116,0.006323656223050422,-0.028868822744357647,524.062036245425,0.0125907806663253
2024-06-07,194.137557423636,198.744645141007,168.07869434764703,0.023731048121295117,-0.13422886030818237,63.8591397885453,65.4686217195921,62.762133060667054,0.02520362686337796,-0.017178539070691,263.493472074326,273.745409679188,235.76236083543566,0.03890774797627672,-0.10524401618218449,34.4592001987542,34.9414912041067,33.38366,0.013996001142531744,-0.03121200810691238,530.660386399339,0.0164229134285871
2024-06-14,198.744645141007,203.194225585988,168.12850478303903,0.022388429342707905,-0.15404762395608784,65.4686217195921,67.9024724445897,62.49492798353805,0.03717583570679106,-0.045421663965840575,273.745409679188,274.423629904246,233.63787496640452,0.0024775583482945507,-0.14651399911979135,34.9414912041067,35.2859847793585,33.136585,0.009859154929578784,-0.05165509273682234,539.375375985156,0.0031565386815338
2024-06-21,200.713486045866,205.340262172285,168.05444805003168,0.023051645495119955,-0.16271471658048553,67.0388479937841,68.0496811577952,62.762133060667054,0.015078319426145681,-0.06379457674322786,273.470189877715,269.961137408937,236.79164038452964,-0.012831572137157132,-0.13412266071701096,34.8627498154777,35.6052394446019,33.019333,0.02129750616500603,-0.05287640646513503,542.842514847717,-0.000532588933168
2024-06-28,205.340262172285,201.598501872659,167.2243125585336,-0.01822224370438652,-0.1856233610034611,68.0496811577952,67.3857836877098,62.81950842195007,-0.009756070253230775,-0.07685815196866663,269.961137408937,270.853734850774,235.76236083543566,0.0033063923585596733,-0.1266803692625471,35.6052394446019,35.8433352224426,33.27142,0.006687099470603197,-0.06554709239033762,542.553402931856,0.0203226636286786
2024-07-05,201.747378277154,200.397565543071,168.05444805003168,-0.0066906085502072,-0.16700554185559757,67.2668501086169,66.5928931604239,62.94433872935498,-0.010019154265507368,-0.06425916141877142,270.000808406352,272.073618021284,238.72091544234303,0.007677049662060398,-0.1158511085527294,35.7540493057523,35.0893652592802,33.236355,-0.01859045504994472,-0.07041704441198438,552.941493150058,0.0096458964373279
2024-07-12,200.397565543071,205.816666666667,168.12850478303903,0.027041751275323156,-0.16102521341805653,66.5928931604239,69.5166769797907,63.10568158205603,0.043905343057003554,-0.05236612216212155,272.073618021284,282.447583845302,238.72091544234303,0.03812926037983755,-0.12258705133377479,35.0893652592802,35.635001416832,33.176033,0.015549901046086667,-0.054527410944107735,558.275109528885,-0.0196432079144263
2024-07-19,205.816666666667,204.933333333333,166.98396901373548,-0.004291845493565538,-0.1886761567070927,69.5166769797907,70.1410782700283,62.81604206821504,0.008982035928143173,-0.09638888397274248,282.447583845302,284.381544969282,238.72091544234303,0.006847150531970048,-0.15481339159519347,35.635001416832,33.7996797959762,32.888294,-0.05150334075723906,-0.07707891364258235,547.30879547896,-0.0082879469571403
2024-07-26,204.933333333333,208.446816479401,168.05444805003168,0.01714451762882896,-0.17995552350342248,70.1410782700283,69.5959660325193,62.71120738664305,-0.007771654655926996,-0.10592752587551935,284.381544969282,279.34332829758,238.72091544234303,-0.017716398130709243,-0.16056115572433183,33.7996797959762,35.3076197223009,32.81657,0.04461402993836083,-0.02908635584502839,542.772729212854,-0.0211960913966649
2024-08-02,208.446816479401,208.883520599251,167.2243125585336,0.0020950385677545036,-0.19776029501002756,69.5959660325193,70.7159239023106,62.01921046514663,0.016092281401309805,-0.10886774046404313,279.34332829758,280.315267734247,238.72091544234303,0.0034793722928354587,-0.14542109562023464,35.3076197223009,35.4068262964012,32.474934,0.00280977802753557,-0.0802287472311295,531.268068836841,0.0001688872208683
2024-08-09,208.883520599251,213.597940074906,168.05444805003168,0.022569609426967396,-0.19546334929671672,70.7159239023106,70.775390691857,62.72646765782947,0.0008409250175185345,-0.11297959219931919,280.315267734247,281.67399939571,238.72091544234303,0.0048471553920177435,-0.14838418409423748,35.4068262964012,35.00007934259,33.637638,-0.011487811711962004,-0.049967432538284506,531.357793224523,0.0400007504831229
2024-08-16,213.597940074906,220.069101123595,167.2243125585336,0.03029598996329108,-0.2171070914827633,70.775390691857,72.9756619050754,62.71120738664305,0.03108808290155518,-0.11394049861658706,281.67399939571,293.654640615033,238.72091544234303,0.04253371360163061,-0.15249218616385063,35.00007934259,35.8631765372627,33.02816,0.024659863945577953,-0.05634042220514668,552.61250372856,0.0141076293049014
2024-08-23,220.069101123595,224.039138576779,166.7782138758768,0.018039958508097698,-0.24215524567344437,72.9756619050754,74.2145533539596,62.762133060667054,0.016976775770745522,-0.13995801583401601,293.654640615033,299.307757746668,238.72091544234303,0.019250903441522693,-0.18706915394776746,35.8631765372627,36.5477018985548,32.98445,0.01908713692945896,-0.08026966714246087,560.408556080416,0.0027573692918014
2024-08-30,224.039138576779,223.800936329588,166.7782138758768,-0.0010632171177955563,-0.2555844709306392,74.2145533539596,74.4325982489632,62.37705834704096,0.0029380341880338445,-0.15950368858868935,299.307757746668,297.582069359116,238.72091544234303,-0.005765598595050769,-0.20242322738458807,36.5477018985548,35.4068262964012,32.543377,-0.031216069489685583,-0.10956434380093594,561.953809423815,-0.0306379506102754
2024-09-06,221.925093632959,232.991573033708,166.98396901373548,0.049865831842575536,-0.24756607610174286,73.6793522480416,77.3861154631032,61.95398801699936,0.05030938929244089,-0.15914043586551607,295.757203478027,311.466918454359,239.6829994481276,0.0531169310217634,-0.18959539571811446,35.6647633890621,36.7262737319354,33.404385,0.029763560500694286,-0.0633784879312621,538.705223637973,0.0400658820045895
